<?xml version="1.0" encoding="utf-8"?>
<productAdditionalComps>
   <dependsOn>
      <component>
         <name>NYUSIM_v1_6_1_Mac</name>
         <locale/>
         <platformList>
            <platform>maci64</platform>
         </platformList>
         <version>1.61</version>
      </component>
   </dependsOn>
   <isControllingProduct>true</isControllingProduct>
   <platform>maci64</platform>
   <productName>NYUSIM_v1_6_1_Mac</productName>
   <productNumber>5000</productNumber>
   <productBaseCode>NYUSIM_v1_6_1_Mac</productBaseCode>
   <productVersion>1.61</productVersion>
   <releaseFamily>R2018b</releaseFamily>
   <releaseDescription>R2018b</releaseDescription>
</productAdditionalComps>